id,time_dimension,terminal_type,page_type,page_name,visitor_count,rank,dt
1,日,无线端,店铺页,新品页,94,5,2025-01-26
2,日,无线端,店铺页,宝贝页,94,4,2025-01-26
3,日,无线端,店铺页,分类页,94,3,2025-01-26
4,日,无线端,店铺页,活动页,94,2,2025-01-26
5,日,无线端,店铺页,首页,94,1,2025-01-26
6,日,无线端,店铺页,新品页,93,5,2025-01-07
7,日,无线端,店铺页,宝贝页,93,4,2025-01-07
8,日,无线端,店铺页,分类页,93,3,2025-01-07
9,日,无线端,店铺页,活动页,93,2,2025-01-07
10,日,无线端,店铺页,首页,93,1,2025-01-07
11,日,无线端,店铺页,活动页,92,2,2025-01-21
12,日,无线端,店铺页,首页,92,1,2025-01-21
13,日,无线端,店铺页,新品页,92,5,2025-01-21
14,日,无线端,店铺页,宝贝页,92,4,2025-01-21
15,日,无线端,店铺页,分类页,92,3,2025-01-21
16,日,无线端,店铺页,新品页,91,5,2025-01-18
17,日,无线端,店铺页,宝贝页,91,4,2025-01-18
18,日,无线端,店铺页,分类页,91,3,2025-01-18
19,日,无线端,店铺页,活动页,91,2,2025-01-18
20,日,无线端,店铺页,首页,91,1,2025-01-18
21,日,无线端,店铺页,新品页,90,5,2025-01-02
22,日,无线端,店铺页,宝贝页,90,4,2025-01-02
23,日,无线端,店铺页,分类页,90,3,2025-01-02
24,日,无线端,店铺页,活动页,90,2,2025-01-02
25,日,无线端,店铺页,首页,90,1,2025-01-02
26,日,无线端,店铺页,新品页,90,5,2025-01-10
27,日,无线端,店铺页,宝贝页,90,4,2025-01-10
28,日,无线端,店铺页,分类页,90,3,2025-01-10
29,日,无线端,店铺页,活动页,90,2,2025-01-10
30,日,无线端,店铺页,首页,90,1,2025-01-10
31,日,无线端,店铺页,新品页,87,5,2025-01-01
32,日,无线端,店铺页,宝贝页,87,4,2025-01-01
33,日,无线端,店铺页,分类页,87,3,2025-01-01
34,日,无线端,店铺页,活动页,87,2,2025-01-01
35,日,无线端,店铺页,首页,87,1,2025-01-01
36,日,无线端,店铺页,新品页,87,5,2025-01-11
37,日,无线端,店铺页,宝贝页,87,4,2025-01-11
38,日,无线端,店铺页,分类页,87,3,2025-01-11
39,日,无线端,店铺页,活动页,87,2,2025-01-11
40,日,无线端,店铺页,首页,87,1,2025-01-11
41,日,无线端,店铺页,新品页,87,5,2025-01-17
42,日,无线端,店铺页,宝贝页,87,4,2025-01-17
43,日,无线端,店铺页,分类页,87,3,2025-01-17
44,日,无线端,店铺页,活动页,87,2,2025-01-17
45,日,无线端,店铺页,首页,87,1,2025-01-17
46,日,无线端,店铺页,新品页,87,5,2025-01-20
47,日,无线端,店铺页,宝贝页,87,4,2025-01-20
48,日,无线端,店铺页,分类页,87,3,2025-01-20
49,日,无线端,店铺页,活动页,87,2,2025-01-20
50,日,无线端,店铺页,首页,87,1,2025-01-20
51,日,无线端,店铺页,新品页,86,5,2025-01-25
52,日,无线端,店铺页,宝贝页,86,4,2025-01-25
53,日,无线端,店铺页,分类页,86,3,2025-01-25
54,日,无线端,店铺页,活动页,86,2,2025-01-25
55,日,无线端,店铺页,首页,86,1,2025-01-25
56,日,无线端,店铺页,新品页,85,5,2025-01-13
57,日,无线端,店铺页,宝贝页,85,4,2025-01-13
58,日,无线端,店铺页,分类页,85,3,2025-01-13
59,日,无线端,店铺页,活动页,85,2,2025-01-13
60,日,无线端,店铺页,首页,85,1,2025-01-13
61,日,无线端,店铺页,新品页,85,5,2025-01-15
62,日,无线端,店铺页,宝贝页,85,4,2025-01-15
63,日,无线端,店铺页,分类页,85,3,2025-01-15
64,日,无线端,店铺页,活动页,85,2,2025-01-15
65,日,无线端,店铺页,首页,85,1,2025-01-15
66,日,无线端,店铺页,新品页,85,5,2025-01-22
67,日,无线端,店铺页,宝贝页,85,4,2025-01-22
68,日,无线端,店铺页,分类页,85,3,2025-01-22
69,日,无线端,店铺页,活动页,85,2,2025-01-22
70,日,无线端,店铺页,首页,85,1,2025-01-22
71,日,无线端,店铺页,首页,84,1,2025-01-03
72,日,无线端,店铺页,新品页,84,5,2025-01-03
73,日,无线端,店铺页,宝贝页,84,4,2025-01-03
74,日,无线端,店铺页,分类页,84,3,2025-01-03
75,日,无线端,店铺页,活动页,84,2,2025-01-03
76,日,无线端,店铺页,新品页,84,5,2025-01-23
77,日,无线端,店铺页,宝贝页,84,4,2025-01-23
78,日,无线端,店铺页,分类页,84,3,2025-01-23
79,日,无线端,店铺页,活动页,84,2,2025-01-23
80,日,无线端,店铺页,首页,84,1,2025-01-23
81,日,无线端,店铺页,新品页,83,5,2025-01-08
82,日,无线端,店铺页,宝贝页,83,4,2025-01-08
83,日,无线端,店铺页,分类页,83,3,2025-01-08
84,日,无线端,店铺页,活动页,83,2,2025-01-08
85,日,无线端,店铺页,首页,83,1,2025-01-08
86,日,无线端,店铺页,新品页,83,5,2025-01-12
87,日,无线端,店铺页,宝贝页,83,4,2025-01-12
88,日,无线端,店铺页,分类页,83,3,2025-01-12
89,日,无线端,店铺页,活动页,83,2,2025-01-12
90,日,无线端,店铺页,首页,83,1,2025-01-12
91,日,无线端,店铺页,新品页,83,5,2025-01-19
92,日,无线端,店铺页,宝贝页,83,4,2025-01-19
93,日,无线端,店铺页,分类页,83,3,2025-01-19
94,日,无线端,店铺页,活动页,83,2,2025-01-19
95,日,无线端,店铺页,首页,83,1,2025-01-19
96,日,无线端,店铺页,新品页,80,5,2025-01-05
97,日,无线端,店铺页,宝贝页,80,4,2025-01-05
98,日,无线端,店铺页,分类页,80,3,2025-01-05
99,日,无线端,店铺页,活动页,80,2,2025-01-05
100,日,无线端,店铺页,首页,80,1,2025-01-05
101,日,无线端,店铺页,新品页,80,5,2025-01-16
102,日,无线端,店铺页,宝贝页,80,4,2025-01-16
103,日,无线端,店铺页,分类页,80,3,2025-01-16
104,日,无线端,店铺页,活动页,80,2,2025-01-16
105,日,无线端,店铺页,首页,80,1,2025-01-16
106,日,无线端,店铺页,新品页,79,5,2025-01-27
107,日,无线端,店铺页,宝贝页,79,4,2025-01-27
108,日,无线端,店铺页,分类页,79,3,2025-01-27
109,日,无线端,店铺页,活动页,79,2,2025-01-27
110,日,无线端,店铺页,首页,79,1,2025-01-27
111,日,无线端,店铺页,新品页,76,5,2025-01-04
112,日,无线端,店铺页,宝贝页,76,4,2025-01-04
113,日,无线端,店铺页,分类页,76,3,2025-01-04
114,日,无线端,店铺页,活动页,76,2,2025-01-04
115,日,无线端,店铺页,首页,76,1,2025-01-04
116,日,无线端,店铺页,分类页,76,3,2025-01-09
117,日,无线端,店铺页,活动页,76,2,2025-01-09
118,日,无线端,店铺页,首页,76,1,2025-01-09
119,日,无线端,店铺页,新品页,76,5,2025-01-09
120,日,无线端,店铺页,宝贝页,76,4,2025-01-09
121,日,无线端,店铺页,新品页,75,5,2025-01-06
122,日,无线端,店铺页,宝贝页,75,4,2025-01-06
123,日,无线端,店铺页,分类页,75,3,2025-01-06
124,日,无线端,店铺页,活动页,75,2,2025-01-06
125,日,无线端,店铺页,首页,75,1,2025-01-06
126,日,无线端,店铺页,新品页,75,5,2025-01-14
127,日,无线端,店铺页,宝贝页,75,4,2025-01-14
128,日,无线端,店铺页,分类页,75,3,2025-01-14
129,日,无线端,店铺页,活动页,75,2,2025-01-14
130,日,无线端,店铺页,首页,75,1,2025-01-14
131,日,无线端,店铺页,宝贝页,62,4,2025-01-24
132,日,无线端,店铺页,分类页,62,3,2025-01-24
133,日,无线端,店铺页,活动页,62,2,2025-01-24
134,日,无线端,店铺页,首页,62,1,2025-01-24
135,日,无线端,店铺页,新品页,62,5,2025-01-24
136,日,无线端,店铺页,新品页,12,5,2025-01-29
137,日,无线端,店铺页,宝贝页,12,4,2025-01-29
138,日,无线端,店铺页,分类页,12,3,2025-01-29
139,日,无线端,店铺页,活动页,12,2,2025-01-29
140,日,无线端,店铺页,首页,12,1,2025-01-29
141,日,无线端,店铺页,新品页,8,5,2025-01-30
142,日,无线端,店铺页,宝贝页,8,4,2025-01-30
143,日,无线端,店铺页,分类页,8,3,2025-01-30
144,日,无线端,店铺页,活动页,8,2,2025-01-30
145,日,无线端,店铺页,首页,8,1,2025-01-30
146,日,无线端,店铺页,新品页,7,5,2025-01-28
147,日,无线端,店铺页,宝贝页,7,4,2025-01-28
148,日,无线端,店铺页,分类页,7,3,2025-01-28
149,日,无线端,店铺页,活动页,7,2,2025-01-28
150,日,无线端,店铺页,首页,7,1,2025-01-28
151,日,无线端,商品详情页,商品详情页_3,69,3,2025-01-23
152,日,无线端,商品详情页,商品详情页_2,69,2,2025-01-23
153,日,无线端,商品详情页,商品详情页_1,69,1,2025-01-23
154,日,无线端,商品详情页,商品详情页_3,62,3,2025-01-22
155,日,无线端,商品详情页,商品详情页_2,62,2,2025-01-22
156,日,无线端,商品详情页,商品详情页_1,62,1,2025-01-22
157,日,无线端,商品详情页,商品详情页_3,58,3,2025-01-16
158,日,无线端,商品详情页,商品详情页_2,58,2,2025-01-16
159,日,无线端,商品详情页,商品详情页_1,58,1,2025-01-16
160,日,无线端,商品详情页,商品详情页_3,57,3,2025-01-17
161,日,无线端,商品详情页,商品详情页_2,57,2,2025-01-17
162,日,无线端,商品详情页,商品详情页_1,57,1,2025-01-17
163,日,无线端,商品详情页,商品详情页_3,57,3,2025-01-20
164,日,无线端,商品详情页,商品详情页_2,57,2,2025-01-20
165,日,无线端,商品详情页,商品详情页_1,57,1,2025-01-20
166,日,无线端,商品详情页,商品详情页_2,57,2,2025-01-25
167,日,无线端,商品详情页,商品详情页_1,57,1,2025-01-25
168,日,无线端,商品详情页,商品详情页_3,57,3,2025-01-25
169,日,无线端,商品详情页,商品详情页_3,56,3,2025-01-01
170,日,无线端,商品详情页,商品详情页_2,56,2,2025-01-01
171,日,无线端,商品详情页,商品详情页_1,56,1,2025-01-01
172,日,无线端,商品详情页,商品详情页_3,56,3,2025-01-06
173,日,无线端,商品详情页,商品详情页_2,56,2,2025-01-06
174,日,无线端,商品详情页,商品详情页_1,56,1,2025-01-06
175,日,无线端,商品详情页,商品详情页_3,54,3,2025-01-09
176,日,无线端,商品详情页,商品详情页_2,54,2,2025-01-09
177,日,无线端,商品详情页,商品详情页_1,54,1,2025-01-09
178,日,无线端,商品详情页,商品详情页_3,54,3,2025-01-13
179,日,无线端,商品详情页,商品详情页_2,54,2,2025-01-13
180,日,无线端,商品详情页,商品详情页_1,54,1,2025-01-13
181,日,无线端,商品详情页,商品详情页_3,53,3,2025-01-05
182,日,无线端,商品详情页,商品详情页_2,53,2,2025-01-05
183,日,无线端,商品详情页,商品详情页_1,53,1,2025-01-05
184,日,无线端,商品详情页,商品详情页_3,52,3,2025-01-27
185,日,无线端,商品详情页,商品详情页_2,52,2,2025-01-27
186,日,无线端,商品详情页,商品详情页_1,52,1,2025-01-27
187,日,无线端,商品详情页,商品详情页_1,51,1,2025-01-04
188,日,无线端,商品详情页,商品详情页_3,51,3,2025-01-04
189,日,无线端,商品详情页,商品详情页_2,51,2,2025-01-04
190,日,无线端,商品详情页,商品详情页_3,51,3,2025-01-19
191,日,无线端,商品详情页,商品详情页_2,51,2,2025-01-19
192,日,无线端,商品详情页,商品详情页_1,51,1,2025-01-19
193,日,无线端,商品详情页,商品详情页_3,49,3,2025-01-08
194,日,无线端,商品详情页,商品详情页_2,49,2,2025-01-08
195,日,无线端,商品详情页,商品详情页_1,49,1,2025-01-08
196,日,无线端,商品详情页,商品详情页_3,49,3,2025-01-14
197,日,无线端,商品详情页,商品详情页_2,49,2,2025-01-14
198,日,无线端,商品详情页,商品详情页_1,49,1,2025-01-14
199,日,无线端,商品详情页,商品详情页_3,49,3,2025-01-24
200,日,无线端,商品详情页,商品详情页_2,49,2,2025-01-24
201,日,无线端,商品详情页,商品详情页_1,49,1,2025-01-24
202,日,无线端,商品详情页,商品详情页_3,48,3,2025-01-10
203,日,无线端,商品详情页,商品详情页_2,48,2,2025-01-10
204,日,无线端,商品详情页,商品详情页_1,48,1,2025-01-10
205,日,无线端,商品详情页,商品详情页_3,48,3,2025-01-26
206,日,无线端,商品详情页,商品详情页_2,48,2,2025-01-26
207,日,无线端,商品详情页,商品详情页_1,48,1,2025-01-26
208,日,无线端,商品详情页,商品详情页_3,46,3,2025-01-18
209,日,无线端,商品详情页,商品详情页_2,46,2,2025-01-18
210,日,无线端,商品详情页,商品详情页_1,46,1,2025-01-18
211,日,无线端,商品详情页,商品详情页_3,45,3,2025-01-02
212,日,无线端,商品详情页,商品详情页_2,45,2,2025-01-02
213,日,无线端,商品详情页,商品详情页_1,45,1,2025-01-02
214,日,无线端,商品详情页,商品详情页_3,44,3,2025-01-15
215,日,无线端,商品详情页,商品详情页_2,44,2,2025-01-15
216,日,无线端,商品详情页,商品详情页_1,44,1,2025-01-15
217,日,无线端,商品详情页,商品详情页_3,42,3,2025-01-03
218,日,无线端,商品详情页,商品详情页_2,42,2,2025-01-03
219,日,无线端,商品详情页,商品详情页_1,42,1,2025-01-03
220,日,无线端,商品详情页,商品详情页_3,42,3,2025-01-11
221,日,无线端,商品详情页,商品详情页_2,42,2,2025-01-11
222,日,无线端,商品详情页,商品详情页_1,42,1,2025-01-11
223,日,无线端,商品详情页,商品详情页_3,42,3,2025-01-21
224,日,无线端,商品详情页,商品详情页_2,42,2,2025-01-21
225,日,无线端,商品详情页,商品详情页_1,42,1,2025-01-21
226,日,无线端,商品详情页,商品详情页_3,37,3,2025-01-12
227,日,无线端,商品详情页,商品详情页_2,37,2,2025-01-12
228,日,无线端,商品详情页,商品详情页_1,37,1,2025-01-12
229,日,无线端,商品详情页,商品详情页_3,32,3,2025-01-07
230,日,无线端,商品详情页,商品详情页_2,32,2,2025-01-07
231,日,无线端,商品详情页,商品详情页_1,32,1,2025-01-07
232,日,无线端,商品详情页,商品详情页_3,11,3,2025-01-28
233,日,无线端,商品详情页,商品详情页_2,11,2,2025-01-28
234,日,无线端,商品详情页,商品详情页_1,11,1,2025-01-28
235,日,无线端,商品详情页,商品详情页_3,6,3,2025-01-30
236,日,无线端,商品详情页,商品详情页_2,6,2,2025-01-30
237,日,无线端,商品详情页,商品详情页_1,6,1,2025-01-30
238,日,无线端,商品详情页,商品详情页_3,2,3,2025-01-29
239,日,无线端,商品详情页,商品详情页_2,2,2,2025-01-29
240,日,无线端,商品详情页,商品详情页_1,2,1,2025-01-29
241,日,无线端,店铺其他页,直播页,45,2,2025-01-01
242,日,无线端,店铺其他页,订阅页,45,1,2025-01-01
243,日,无线端,店铺其他页,直播页,45,2,2025-01-16
244,日,无线端,店铺其他页,订阅页,45,1,2025-01-16
245,日,无线端,店铺其他页,直播页,43,2,2025-01-11
246,日,无线端,店铺其他页,订阅页,43,1,2025-01-11
247,日,无线端,店铺其他页,直播页,41,2,2025-01-23
248,日,无线端,店铺其他页,订阅页,41,1,2025-01-23
249,日,无线端,店铺其他页,直播页,39,2,2025-01-08
250,日,无线端,店铺其他页,订阅页,39,1,2025-01-08
251,日,无线端,店铺其他页,直播页,38,2,2025-01-05
252,日,无线端,店铺其他页,订阅页,38,1,2025-01-05
253,日,无线端,店铺其他页,直播页,37,2,2025-01-13
254,日,无线端,店铺其他页,订阅页,37,1,2025-01-13
255,日,无线端,店铺其他页,直播页,36,2,2025-01-04
256,日,无线端,店铺其他页,订阅页,36,1,2025-01-04
257,日,无线端,店铺其他页,直播页,36,2,2025-01-07
258,日,无线端,店铺其他页,订阅页,36,1,2025-01-07
259,日,无线端,店铺其他页,直播页,36,2,2025-01-25
260,日,无线端,店铺其他页,订阅页,36,1,2025-01-25
261,日,无线端,店铺其他页,直播页,34,2,2025-01-14
262,日,无线端,店铺其他页,订阅页,34,1,2025-01-14
263,日,无线端,店铺其他页,直播页,34,2,2025-01-20
264,日,无线端,店铺其他页,订阅页,34,1,2025-01-20
265,日,无线端,店铺其他页,直播页,34,2,2025-01-21
266,日,无线端,店铺其他页,订阅页,34,1,2025-01-21
267,日,无线端,店铺其他页,直播页,34,2,2025-01-22
268,日,无线端,店铺其他页,订阅页,34,1,2025-01-22
269,日,无线端,店铺其他页,直播页,33,2,2025-01-12
270,日,无线端,店铺其他页,订阅页,33,1,2025-01-12
271,日,无线端,店铺其他页,直播页,32,2,2025-01-15
272,日,无线端,店铺其他页,订阅页,32,1,2025-01-15
273,日,无线端,店铺其他页,直播页,32,2,2025-01-24
274,日,无线端,店铺其他页,订阅页,32,1,2025-01-24
275,日,无线端,店铺其他页,直播页,32,2,2025-01-26
276,日,无线端,店铺其他页,订阅页,32,1,2025-01-26
277,日,无线端,店铺其他页,直播页,30,2,2025-01-03
278,日,无线端,店铺其他页,订阅页,30,1,2025-01-03
279,日,无线端,店铺其他页,直播页,30,2,2025-01-19
280,日,无线端,店铺其他页,订阅页,30,1,2025-01-19
281,日,无线端,店铺其他页,直播页,29,2,2025-01-10
282,日,无线端,店铺其他页,订阅页,29,1,2025-01-10
283,日,无线端,店铺其他页,直播页,27,2,2025-01-17
284,日,无线端,店铺其他页,订阅页,27,1,2025-01-17
285,日,无线端,店铺其他页,直播页,27,2,2025-01-27
286,日,无线端,店铺其他页,订阅页,27,1,2025-01-27
287,日,无线端,店铺其他页,直播页,26,2,2025-01-06
288,日,无线端,店铺其他页,订阅页,26,1,2025-01-06
289,日,无线端,店铺其他页,直播页,25,2,2025-01-02
290,日,无线端,店铺其他页,订阅页,25,1,2025-01-02
291,日,无线端,店铺其他页,直播页,23,2,2025-01-18
292,日,无线端,店铺其他页,订阅页,23,1,2025-01-18
293,日,无线端,店铺其他页,直播页,22,2,2025-01-09
294,日,无线端,店铺其他页,订阅页,22,1,2025-01-09
295,日,无线端,店铺其他页,直播页,3,2,2025-01-28
296,日,无线端,店铺其他页,订阅页,3,1,2025-01-28
297,日,无线端,店铺其他页,直播页,3,2,2025-01-29
298,日,无线端,店铺其他页,订阅页,3,1,2025-01-29
299,日,无线端,外部页,微信,43,2,2025-01-04
300,日,无线端,外部页,百度搜索,43,1,2025-01-04
301,日,无线端,外部页,微信,43,2,2025-01-16
302,日,无线端,外部页,百度搜索,43,1,2025-01-16
303,日,无线端,外部页,微信,42,2,2025-01-05
304,日,无线端,外部页,百度搜索,42,1,2025-01-05
305,日,无线端,外部页,微信,41,2,2025-01-24
306,日,无线端,外部页,百度搜索,41,1,2025-01-24
307,日,无线端,外部页,微信,38,2,2025-01-02
308,日,无线端,外部页,百度搜索,38,1,2025-01-02
309,日,无线端,外部页,微信,38,2,2025-01-25
310,日,无线端,外部页,百度搜索,38,1,2025-01-25
311,日,无线端,外部页,微信,37,2,2025-01-11
312,日,无线端,外部页,百度搜索,37,1,2025-01-11
313,日,无线端,外部页,微信,36,2,2025-01-21
314,日,无线端,外部页,百度搜索,36,1,2025-01-21
315,日,无线端,外部页,微信,35,2,2025-01-01
316,日,无线端,外部页,百度搜索,35,1,2025-01-01
317,日,无线端,外部页,微信,35,2,2025-01-18
318,日,无线端,外部页,百度搜索,35,1,2025-01-18
319,日,无线端,外部页,微信,34,2,2025-01-10
320,日,无线端,外部页,百度搜索,34,1,2025-01-10
321,日,无线端,外部页,微信,33,2,2025-01-08
322,日,无线端,外部页,百度搜索,33,1,2025-01-08
323,日,无线端,外部页,微信,32,2,2025-01-17
324,日,无线端,外部页,百度搜索,32,1,2025-01-17
325,日,无线端,外部页,微信,32,2,2025-01-22
326,日,无线端,外部页,百度搜索,32,1,2025-01-22
327,日,无线端,外部页,微信,31,2,2025-01-27
328,日,无线端,外部页,百度搜索,31,1,2025-01-27
329,日,无线端,外部页,微信,29,2,2025-01-03
330,日,无线端,外部页,百度搜索,29,1,2025-01-03
331,日,无线端,外部页,微信,29,2,2025-01-20
332,日,无线端,外部页,百度搜索,29,1,2025-01-20
333,日,无线端,外部页,微信,28,2,2025-01-09
334,日,无线端,外部页,百度搜索,28,1,2025-01-09
335,日,无线端,外部页,微信,27,2,2025-01-13
336,日,无线端,外部页,百度搜索,27,1,2025-01-13
337,日,无线端,外部页,微信,27,2,2025-01-14
338,日,无线端,外部页,百度搜索,27,1,2025-01-14
339,日,无线端,外部页,微信,27,2,2025-01-19
340,日,无线端,外部页,百度搜索,27,1,2025-01-19
341,日,无线端,外部页,微信,27,2,2025-01-26
342,日,无线端,外部页,百度搜索,27,1,2025-01-26
343,日,无线端,外部页,微信,25,2,2025-01-07
344,日,无线端,外部页,百度搜索,25,1,2025-01-07
345,日,无线端,外部页,微信,25,2,2025-01-12
346,日,无线端,外部页,百度搜索,25,1,2025-01-12
347,日,无线端,外部页,微信,25,2,2025-01-15
348,日,无线端,外部页,百度搜索,25,1,2025-01-15
349,日,无线端,外部页,微信,25,2,2025-01-23
350,日,无线端,外部页,百度搜索,25,1,2025-01-23
351,日,无线端,外部页,微信,24,2,2025-01-06
352,日,无线端,外部页,百度搜索,24,1,2025-01-06
353,日,无线端,外部页,微信,2,2,2025-01-28
354,日,无线端,外部页,百度搜索,2,1,2025-01-28
355,日,无线端,外部页,微信,2,2,2025-01-29
356,日,无线端,外部页,百度搜索,2,1,2025-01-29
357,日,无线端,外部页,微信,2,2,2025-01-30
358,日,无线端,外部页,百度搜索,2,1,2025-01-30
359,日,无线端,功能页,下单页,43,2,2025-01-05
360,日,无线端,功能页,购物车,43,1,2025-01-05
361,日,无线端,功能页,下单页,41,2,2025-01-22
362,日,无线端,功能页,购物车,41,1,2025-01-22
363,日,无线端,功能页,下单页,41,2,2025-01-23
364,日,无线端,功能页,购物车,41,1,2025-01-23
365,日,无线端,功能页,下单页,41,2,2025-01-27
366,日,无线端,功能页,购物车,41,1,2025-01-27
367,日,无线端,功能页,下单页,38,2,2025-01-26
368,日,无线端,功能页,购物车,38,1,2025-01-26
369,日,无线端,功能页,下单页,37,2,2025-01-02
370,日,无线端,功能页,购物车,37,1,2025-01-02
371,日,无线端,功能页,下单页,37,2,2025-01-19
372,日,无线端,功能页,购物车,37,1,2025-01-19
373,日,无线端,功能页,下单页,36,2,2025-01-15
374,日,无线端,功能页,购物车,36,1,2025-01-15
375,日,无线端,功能页,下单页,36,2,2025-01-18
376,日,无线端,功能页,购物车,36,1,2025-01-18
377,日,无线端,功能页,下单页,34,2,2025-01-04
378,日,无线端,功能页,购物车,34,1,2025-01-04
379,日,无线端,功能页,下单页,34,2,2025-01-14
380,日,无线端,功能页,购物车,34,1,2025-01-14
381,日,无线端,功能页,下单页,34,2,2025-01-24
382,日,无线端,功能页,购物车,34,1,2025-01-24
383,日,无线端,功能页,下单页,33,2,2025-01-09
384,日,无线端,功能页,购物车,33,1,2025-01-09
385,日,无线端,功能页,下单页,33,2,2025-01-12
386,日,无线端,功能页,购物车,33,1,2025-01-12
387,日,无线端,功能页,下单页,32,2,2025-01-01
388,日,无线端,功能页,购物车,32,1,2025-01-01
389,日,无线端,功能页,下单页,32,2,2025-01-13
390,日,无线端,功能页,购物车,32,1,2025-01-13
391,日,无线端,功能页,下单页,32,2,2025-01-16
392,日,无线端,功能页,购物车,32,1,2025-01-16
393,日,无线端,功能页,下单页,32,2,2025-01-17
394,日,无线端,功能页,购物车,32,1,2025-01-17
395,日,无线端,功能页,下单页,31,2,2025-01-21
396,日,无线端,功能页,购物车,31,1,2025-01-21
397,日,无线端,功能页,下单页,31,2,2025-01-25
398,日,无线端,功能页,购物车,31,1,2025-01-25
399,日,无线端,功能页,下单页,30,2,2025-01-07
400,日,无线端,功能页,购物车,30,1,2025-01-07
401,日,无线端,功能页,下单页,30,2,2025-01-10
402,日,无线端,功能页,购物车,30,1,2025-01-10
403,日,无线端,功能页,下单页,27,2,2025-01-08
404,日,无线端,功能页,购物车,27,1,2025-01-08
405,日,无线端,功能页,下单页,27,2,2025-01-20
406,日,无线端,功能页,购物车,27,1,2025-01-20
407,日,无线端,功能页,下单页,26,2,2025-01-11
408,日,无线端,功能页,购物车,26,1,2025-01-11
409,日,无线端,功能页,下单页,25,2,2025-01-06
410,日,无线端,功能页,购物车,25,1,2025-01-06
411,日,无线端,功能页,下单页,21,2,2025-01-03
412,日,无线端,功能页,购物车,21,1,2025-01-03
413,日,无线端,功能页,下单页,4,2,2025-01-28
414,日,无线端,功能页,购物车,4,1,2025-01-28
415,日,无线端,功能页,下单页,2,2,2025-01-29
416,日,无线端,功能页,购物车,2,1,2025-01-29
417,日,无线端,功能页,下单页,1,2,2025-01-30
418,日,无线端,功能页,购物车,1,1,2025-01-30
419,日,PC端,店铺页,分类页,48,3,2025-01-07
420,日,PC端,店铺页,活动页,48,2,2025-01-07
421,日,PC端,店铺页,首页,48,1,2025-01-07
422,日,PC端,店铺页,新品页,48,5,2025-01-07
423,日,PC端,店铺页,宝贝页,48,4,2025-01-07
424,日,PC端,店铺页,宝贝页,47,4,2025-01-26
425,日,PC端,店铺页,分类页,47,3,2025-01-26
426,日,PC端,店铺页,活动页,47,2,2025-01-26
427,日,PC端,店铺页,首页,47,1,2025-01-26
428,日,PC端,店铺页,新品页,47,5,2025-01-26
429,日,PC端,店铺页,活动页,46,2,2025-01-20
430,日,PC端,店铺页,首页,46,1,2025-01-20
431,日,PC端,店铺页,新品页,46,5,2025-01-20
432,日,PC端,店铺页,宝贝页,46,4,2025-01-20
433,日,PC端,店铺页,分类页,46,3,2025-01-20
434,日,PC端,店铺页,新品页,45,5,2025-01-10
435,日,PC端,店铺页,宝贝页,45,4,2025-01-10
436,日,PC端,店铺页,分类页,45,3,2025-01-10
437,日,PC端,店铺页,活动页,45,2,2025-01-10
438,日,PC端,店铺页,首页,45,1,2025-01-10
439,日,PC端,店铺页,新品页,44,5,2025-01-27
440,日,PC端,店铺页,宝贝页,44,4,2025-01-27
441,日,PC端,店铺页,分类页,44,3,2025-01-27
442,日,PC端,店铺页,活动页,44,2,2025-01-27
443,日,PC端,店铺页,首页,44,1,2025-01-27
444,日,PC端,店铺页,新品页,41,5,2025-01-06
445,日,PC端,店铺页,宝贝页,41,4,2025-01-06
446,日,PC端,店铺页,分类页,41,3,2025-01-06
447,日,PC端,店铺页,活动页,41,2,2025-01-06
448,日,PC端,店铺页,首页,41,1,2025-01-06
449,日,PC端,店铺页,新品页,40,5,2025-01-24
450,日,PC端,店铺页,宝贝页,40,4,2025-01-24
451,日,PC端,店铺页,分类页,40,3,2025-01-24
452,日,PC端,店铺页,活动页,40,2,2025-01-24
453,日,PC端,店铺页,首页,40,1,2025-01-24
454,日,PC端,店铺页,新品页,39,5,2025-01-02
455,日,PC端,店铺页,宝贝页,39,4,2025-01-02
456,日,PC端,店铺页,分类页,39,3,2025-01-02
457,日,PC端,店铺页,活动页,39,2,2025-01-02
458,日,PC端,店铺页,首页,39,1,2025-01-02
459,日,PC端,店铺页,新品页,39,5,2025-01-04
460,日,PC端,店铺页,宝贝页,39,4,2025-01-04
461,日,PC端,店铺页,分类页,39,3,2025-01-04
462,日,PC端,店铺页,活动页,39,2,2025-01-04
463,日,PC端,店铺页,首页,39,1,2025-01-04
464,日,PC端,店铺页,新品页,39,5,2025-01-17
465,日,PC端,店铺页,宝贝页,39,4,2025-01-17
466,日,PC端,店铺页,分类页,39,3,2025-01-17
467,日,PC端,店铺页,活动页,39,2,2025-01-17
468,日,PC端,店铺页,首页,39,1,2025-01-17
469,日,PC端,店铺页,新品页,39,5,2025-01-21
470,日,PC端,店铺页,宝贝页,39,4,2025-01-21
471,日,PC端,店铺页,分类页,39,3,2025-01-21
472,日,PC端,店铺页,活动页,39,2,2025-01-21
473,日,PC端,店铺页,首页,39,1,2025-01-21
474,日,PC端,店铺页,新品页,38,5,2025-01-11
475,日,PC端,店铺页,宝贝页,38,4,2025-01-11
476,日,PC端,店铺页,分类页,38,3,2025-01-11
477,日,PC端,店铺页,活动页,38,2,2025-01-11
478,日,PC端,店铺页,首页,38,1,2025-01-11
479,日,PC端,店铺页,新品页,37,5,2025-01-22
480,日,PC端,店铺页,宝贝页,37,4,2025-01-22
481,日,PC端,店铺页,分类页,37,3,2025-01-22
482,日,PC端,店铺页,活动页,37,2,2025-01-22
483,日,PC端,店铺页,首页,37,1,2025-01-22
484,日,PC端,店铺页,新品页,36,5,2025-01-05
485,日,PC端,店铺页,宝贝页,36,4,2025-01-05
486,日,PC端,店铺页,分类页,36,3,2025-01-05
487,日,PC端,店铺页,活动页,36,2,2025-01-05
488,日,PC端,店铺页,首页,36,1,2025-01-05
489,日,PC端,店铺页,新品页,36,5,2025-01-12
490,日,PC端,店铺页,宝贝页,36,4,2025-01-12
491,日,PC端,店铺页,分类页,36,3,2025-01-12
492,日,PC端,店铺页,活动页,36,2,2025-01-12
493,日,PC端,店铺页,首页,36,1,2025-01-12
494,日,PC端,店铺页,新品页,36,5,2025-01-13
495,日,PC端,店铺页,宝贝页,36,4,2025-01-13
496,日,PC端,店铺页,分类页,36,3,2025-01-13
497,日,PC端,店铺页,活动页,36,2,2025-01-13
498,日,PC端,店铺页,首页,36,1,2025-01-13
499,日,PC端,店铺页,新品页,36,5,2025-01-23
500,日,PC端,店铺页,宝贝页,36,4,2025-01-23
501,日,PC端,店铺页,分类页,36,3,2025-01-23
502,日,PC端,店铺页,活动页,36,2,2025-01-23
503,日,PC端,店铺页,首页,36,1,2025-01-23
504,日,PC端,店铺页,新品页,36,5,2025-01-25
505,日,PC端,店铺页,宝贝页,36,4,2025-01-25
506,日,PC端,店铺页,分类页,36,3,2025-01-25
507,日,PC端,店铺页,活动页,36,2,2025-01-25
508,日,PC端,店铺页,首页,36,1,2025-01-25
509,日,PC端,店铺页,新品页,34,5,2025-01-19
510,日,PC端,店铺页,宝贝页,34,4,2025-01-19
511,日,PC端,店铺页,分类页,34,3,2025-01-19
512,日,PC端,店铺页,活动页,34,2,2025-01-19
513,日,PC端,店铺页,首页,34,1,2025-01-19
514,日,PC端,店铺页,新品页,33,5,2025-01-08
515,日,PC端,店铺页,宝贝页,33,4,2025-01-08
516,日,PC端,店铺页,分类页,33,3,2025-01-08
517,日,PC端,店铺页,活动页,33,2,2025-01-08
518,日,PC端,店铺页,首页,33,1,2025-01-08
519,日,PC端,店铺页,新品页,32,5,2025-01-16
520,日,PC端,店铺页,宝贝页,32,4,2025-01-16
521,日,PC端,店铺页,分类页,32,3,2025-01-16
522,日,PC端,店铺页,活动页,32,2,2025-01-16
523,日,PC端,店铺页,首页,32,1,2025-01-16
524,日,PC端,店铺页,新品页,31,5,2025-01-03
525,日,PC端,店铺页,宝贝页,31,4,2025-01-03
526,日,PC端,店铺页,分类页,31,3,2025-01-03
527,日,PC端,店铺页,活动页,31,2,2025-01-03
528,日,PC端,店铺页,首页,31,1,2025-01-03
529,日,PC端,店铺页,首页,30,1,2025-01-01
530,日,PC端,店铺页,新品页,30,5,2025-01-01
531,日,PC端,店铺页,宝贝页,30,4,2025-01-01
532,日,PC端,店铺页,分类页,30,3,2025-01-01
533,日,PC端,店铺页,活动页,30,2,2025-01-01
534,日,PC端,店铺页,新品页,30,5,2025-01-14
535,日,PC端,店铺页,宝贝页,30,4,2025-01-14
536,日,PC端,店铺页,分类页,30,3,2025-01-14
537,日,PC端,店铺页,活动页,30,2,2025-01-14
538,日,PC端,店铺页,首页,30,1,2025-01-14
539,日,PC端,店铺页,新品页,29,5,2025-01-15
540,日,PC端,店铺页,宝贝页,29,4,2025-01-15
541,日,PC端,店铺页,分类页,29,3,2025-01-15
542,日,PC端,店铺页,活动页,29,2,2025-01-15
543,日,PC端,店铺页,首页,29,1,2025-01-15
544,日,PC端,店铺页,新品页,29,5,2025-01-18
545,日,PC端,店铺页,宝贝页,29,4,2025-01-18
546,日,PC端,店铺页,分类页,29,3,2025-01-18
547,日,PC端,店铺页,活动页,29,2,2025-01-18
548,日,PC端,店铺页,首页,29,1,2025-01-18
549,日,PC端,店铺页,新品页,28,5,2025-01-09
550,日,PC端,店铺页,宝贝页,28,4,2025-01-09
551,日,PC端,店铺页,分类页,28,3,2025-01-09
552,日,PC端,店铺页,活动页,28,2,2025-01-09
553,日,PC端,店铺页,首页,28,1,2025-01-09
554,日,PC端,店铺页,新品页,3,5,2025-01-29
555,日,PC端,店铺页,宝贝页,3,4,2025-01-29
556,日,PC端,店铺页,分类页,3,3,2025-01-29
557,日,PC端,店铺页,活动页,3,2,2025-01-29
558,日,PC端,店铺页,首页,3,1,2025-01-29
559,日,PC端,店铺页,新品页,3,5,2025-01-30
560,日,PC端,店铺页,宝贝页,3,4,2025-01-30
561,日,PC端,店铺页,分类页,3,3,2025-01-30
562,日,PC端,店铺页,活动页,3,2,2025-01-30
563,日,PC端,店铺页,首页,3,1,2025-01-30
564,日,PC端,店铺页,新品页,1,5,2025-01-28
565,日,PC端,店铺页,宝贝页,1,4,2025-01-28
566,日,PC端,店铺页,分类页,1,3,2025-01-28
567,日,PC端,店铺页,活动页,1,2,2025-01-28
568,日,PC端,店铺页,首页,1,1,2025-01-28
569,日,PC端,商品详情页,商品详情页_3,34,3,2025-01-27
570,日,PC端,商品详情页,商品详情页_2,34,2,2025-01-27
571,日,PC端,商品详情页,商品详情页_1,34,1,2025-01-27
572,日,PC端,商品详情页,商品详情页_3,31,3,2025-01-07
573,日,PC端,商品详情页,商品详情页_2,31,2,2025-01-07
574,日,PC端,商品详情页,商品详情页_1,31,1,2025-01-07
575,日,PC端,商品详情页,商品详情页_3,28,3,2025-01-04
576,日,PC端,商品详情页,商品详情页_2,28,2,2025-01-04
577,日,PC端,商品详情页,商品详情页_1,28,1,2025-01-04
578,日,PC端,商品详情页,商品详情页_3,28,3,2025-01-15
579,日,PC端,商品详情页,商品详情页_2,28,2,2025-01-15
580,日,PC端,商品详情页,商品详情页_1,28,1,2025-01-15
581,日,PC端,商品详情页,商品详情页_3,28,3,2025-01-20
582,日,PC端,商品详情页,商品详情页_2,28,2,2025-01-20
583,日,PC端,商品详情页,商品详情页_1,28,1,2025-01-20
584,日,PC端,商品详情页,商品详情页_3,26,3,2025-01-18
585,日,PC端,商品详情页,商品详情页_2,26,2,2025-01-18
586,日,PC端,商品详情页,商品详情页_1,26,1,2025-01-18
587,日,PC端,商品详情页,商品详情页_1,25,1,2025-01-01
588,日,PC端,商品详情页,商品详情页_3,25,3,2025-01-01
589,日,PC端,商品详情页,商品详情页_2,25,2,2025-01-01
590,日,PC端,商品详情页,商品详情页_3,25,3,2025-01-03
591,日,PC端,商品详情页,商品详情页_2,25,2,2025-01-03
592,日,PC端,商品详情页,商品详情页_1,25,1,2025-01-03
593,日,PC端,商品详情页,商品详情页_3,23,3,2025-01-25
594,日,PC端,商品详情页,商品详情页_2,23,2,2025-01-25
595,日,PC端,商品详情页,商品详情页_1,23,1,2025-01-25
596,日,PC端,商品详情页,商品详情页_3,22,3,2025-01-06
597,日,PC端,商品详情页,商品详情页_2,22,2,2025-01-06
598,日,PC端,商品详情页,商品详情页_1,22,1,2025-01-06
599,日,PC端,商品详情页,商品详情页_3,22,3,2025-01-19
600,日,PC端,商品详情页,商品详情页_2,22,2,2025-01-19
601,日,PC端,商品详情页,商品详情页_1,22,1,2025-01-19
602,日,PC端,商品详情页,商品详情页_3,21,3,2025-01-08
603,日,PC端,商品详情页,商品详情页_2,21,2,2025-01-08
604,日,PC端,商品详情页,商品详情页_1,21,1,2025-01-08
605,日,PC端,商品详情页,商品详情页_3,21,3,2025-01-12
606,日,PC端,商品详情页,商品详情页_2,21,2,2025-01-12
607,日,PC端,商品详情页,商品详情页_1,21,1,2025-01-12
608,日,PC端,商品详情页,商品详情页_2,21,2,2025-01-22
609,日,PC端,商品详情页,商品详情页_1,21,1,2025-01-22
610,日,PC端,商品详情页,商品详情页_3,21,3,2025-01-22
611,日,PC端,商品详情页,商品详情页_3,21,3,2025-01-23
612,日,PC端,商品详情页,商品详情页_2,21,2,2025-01-23
613,日,PC端,商品详情页,商品详情页_1,21,1,2025-01-23
614,日,PC端,商品详情页,商品详情页_3,21,3,2025-01-24
615,日,PC端,商品详情页,商品详情页_2,21,2,2025-01-24
616,日,PC端,商品详情页,商品详情页_1,21,1,2025-01-24
617,日,PC端,商品详情页,商品详情页_3,21,3,2025-01-26
618,日,PC端,商品详情页,商品详情页_2,21,2,2025-01-26
619,日,PC端,商品详情页,商品详情页_1,21,1,2025-01-26
620,日,PC端,商品详情页,商品详情页_3,19,3,2025-01-10
621,日,PC端,商品详情页,商品详情页_2,19,2,2025-01-10
622,日,PC端,商品详情页,商品详情页_1,19,1,2025-01-10
623,日,PC端,商品详情页,商品详情页_3,19,3,2025-01-11
624,日,PC端,商品详情页,商品详情页_2,19,2,2025-01-11
625,日,PC端,商品详情页,商品详情页_1,19,1,2025-01-11
626,日,PC端,商品详情页,商品详情页_3,18,3,2025-01-05
627,日,PC端,商品详情页,商品详情页_2,18,2,2025-01-05
628,日,PC端,商品详情页,商品详情页_1,18,1,2025-01-05
629,日,PC端,商品详情页,商品详情页_3,17,3,2025-01-14
630,日,PC端,商品详情页,商品详情页_2,17,2,2025-01-14
631,日,PC端,商品详情页,商品详情页_1,17,1,2025-01-14
632,日,PC端,商品详情页,商品详情页_3,17,3,2025-01-21
633,日,PC端,商品详情页,商品详情页_2,17,2,2025-01-21
634,日,PC端,商品详情页,商品详情页_1,17,1,2025-01-21
635,日,PC端,商品详情页,商品详情页_3,16,3,2025-01-02
636,日,PC端,商品详情页,商品详情页_2,16,2,2025-01-02
637,日,PC端,商品详情页,商品详情页_1,16,1,2025-01-02
638,日,PC端,商品详情页,商品详情页_3,16,3,2025-01-09
639,日,PC端,商品详情页,商品详情页_2,16,2,2025-01-09
640,日,PC端,商品详情页,商品详情页_1,16,1,2025-01-09
641,日,PC端,商品详情页,商品详情页_3,16,3,2025-01-13
642,日,PC端,商品详情页,商品详情页_2,16,2,2025-01-13
643,日,PC端,商品详情页,商品详情页_1,16,1,2025-01-13
644,日,PC端,商品详情页,商品详情页_3,15,3,2025-01-16
645,日,PC端,商品详情页,商品详情页_2,15,2,2025-01-16
646,日,PC端,商品详情页,商品详情页_1,15,1,2025-01-16
647,日,PC端,商品详情页,商品详情页_3,15,3,2025-01-17
648,日,PC端,商品详情页,商品详情页_2,15,2,2025-01-17
649,日,PC端,商品详情页,商品详情页_1,15,1,2025-01-17
650,日,PC端,商品详情页,商品详情页_3,4,3,2025-01-29
651,日,PC端,商品详情页,商品详情页_2,4,2,2025-01-29
652,日,PC端,商品详情页,商品详情页_1,4,1,2025-01-29
653,日,PC端,商品详情页,商品详情页_3,4,3,2025-01-30
654,日,PC端,商品详情页,商品详情页_2,4,2,2025-01-30
655,日,PC端,商品详情页,商品详情页_1,4,1,2025-01-30
656,日,PC端,店铺其他页,直播页,22,2,2025-01-22
657,日,PC端,店铺其他页,订阅页,22,1,2025-01-22
658,日,PC端,店铺其他页,直播页,21,2,2025-01-13
659,日,PC端,店铺其他页,订阅页,21,1,2025-01-13
660,日,PC端,店铺其他页,直播页,21,2,2025-01-18
661,日,PC端,店铺其他页,订阅页,21,1,2025-01-18
662,日,PC端,店铺其他页,直播页,20,2,2025-01-02
663,日,PC端,店铺其他页,订阅页,20,1,2025-01-02
664,日,PC端,店铺其他页,直播页,19,2,2025-01-15
665,日,PC端,店铺其他页,订阅页,19,1,2025-01-15
666,日,PC端,店铺其他页,直播页,19,2,2025-01-23
667,日,PC端,店铺其他页,订阅页,19,1,2025-01-23
668,日,PC端,店铺其他页,直播页,17,2,2025-01-06
669,日,PC端,店铺其他页,订阅页,17,1,2025-01-06
670,日,PC端,店铺其他页,直播页,17,2,2025-01-08
671,日,PC端,店铺其他页,订阅页,17,1,2025-01-08
672,日,PC端,店铺其他页,直播页,17,2,2025-01-11
673,日,PC端,店铺其他页,订阅页,17,1,2025-01-11
674,日,PC端,店铺其他页,订阅页,17,1,2025-01-14
675,日,PC端,店铺其他页,直播页,17,2,2025-01-14
676,日,PC端,店铺其他页,直播页,17,2,2025-01-16
677,日,PC端,店铺其他页,订阅页,17,1,2025-01-16
678,日,PC端,店铺其他页,直播页,16,2,2025-01-19
679,日,PC端,店铺其他页,订阅页,16,1,2025-01-19
680,日,PC端,店铺其他页,直播页,16,2,2025-01-26
681,日,PC端,店铺其他页,订阅页,16,1,2025-01-26
682,日,PC端,店铺其他页,直播页,15,2,2025-01-03
683,日,PC端,店铺其他页,订阅页,15,1,2025-01-03
684,日,PC端,店铺其他页,直播页,15,2,2025-01-24
685,日,PC端,店铺其他页,订阅页,15,1,2025-01-24
686,日,PC端,店铺其他页,直播页,15,2,2025-01-27
687,日,PC端,店铺其他页,订阅页,15,1,2025-01-27
688,日,PC端,店铺其他页,直播页,14,2,2025-01-07
689,日,PC端,店铺其他页,订阅页,14,1,2025-01-07
690,日,PC端,店铺其他页,直播页,13,2,2025-01-17
691,日,PC端,店铺其他页,订阅页,13,1,2025-01-17
692,日,PC端,店铺其他页,直播页,12,2,2025-01-05
693,日,PC端,店铺其他页,订阅页,12,1,2025-01-05
694,日,PC端,店铺其他页,直播页,12,2,2025-01-12
695,日,PC端,店铺其他页,订阅页,12,1,2025-01-12
696,日,PC端,店铺其他页,直播页,12,2,2025-01-20
697,日,PC端,店铺其他页,订阅页,12,1,2025-01-20
698,日,PC端,店铺其他页,直播页,12,2,2025-01-25
699,日,PC端,店铺其他页,订阅页,12,1,2025-01-25
700,日,PC端,店铺其他页,直播页,11,2,2025-01-10
701,日,PC端,店铺其他页,订阅页,11,1,2025-01-10
702,日,PC端,店铺其他页,直播页,10,2,2025-01-01
703,日,PC端,店铺其他页,订阅页,10,1,2025-01-01
704,日,PC端,店铺其他页,直播页,10,2,2025-01-04
705,日,PC端,店铺其他页,订阅页,10,1,2025-01-04
706,日,PC端,店铺其他页,直播页,10,2,2025-01-21
707,日,PC端,店铺其他页,订阅页,10,1,2025-01-21
708,日,PC端,店铺其他页,直播页,8,2,2025-01-09
709,日,PC端,店铺其他页,订阅页,8,1,2025-01-09
710,日,PC端,店铺其他页,直播页,2,2,2025-01-30
711,日,PC端,店铺其他页,订阅页,2,1,2025-01-30
712,日,PC端,店铺其他页,直播页,1,2,2025-01-29
713,日,PC端,店铺其他页,订阅页,1,1,2025-01-29
714,日,PC端,外部页,微信,21,2,2025-01-17
715,日,PC端,外部页,百度搜索,21,1,2025-01-17
716,日,PC端,外部页,微信,19,2,2025-01-16
717,日,PC端,外部页,百度搜索,19,1,2025-01-16
718,日,PC端,外部页,微信,18,2,2025-01-01
719,日,PC端,外部页,百度搜索,18,1,2025-01-01
720,日,PC端,外部页,微信,18,2,2025-01-05
721,日,PC端,外部页,百度搜索,18,1,2025-01-05
722,日,PC端,外部页,微信,17,2,2025-01-11
723,日,PC端,外部页,百度搜索,17,1,2025-01-11
724,日,PC端,外部页,微信,17,2,2025-01-15
725,日,PC端,外部页,百度搜索,17,1,2025-01-15
726,日,PC端,外部页,微信,17,2,2025-01-26
727,日,PC端,外部页,百度搜索,17,1,2025-01-26
728,日,PC端,外部页,微信,17,2,2025-01-27
729,日,PC端,外部页,百度搜索,17,1,2025-01-27
730,日,PC端,外部页,微信,16,2,2025-01-06
731,日,PC端,外部页,百度搜索,16,1,2025-01-06
732,日,PC端,外部页,微信,16,2,2025-01-19
733,日,PC端,外部页,百度搜索,16,1,2025-01-19
734,日,PC端,外部页,微信,15,2,2025-01-23
735,日,PC端,外部页,百度搜索,15,1,2025-01-23
736,日,PC端,外部页,微信,14,2,2025-01-02
737,日,PC端,外部页,百度搜索,14,1,2025-01-02
738,日,PC端,外部页,微信,14,2,2025-01-12
739,日,PC端,外部页,百度搜索,14,1,2025-01-12
740,日,PC端,外部页,微信,14,2,2025-01-18
741,日,PC端,外部页,百度搜索,14,1,2025-01-18
742,日,PC端,外部页,微信,13,2,2025-01-09
743,日,PC端,外部页,百度搜索,13,1,2025-01-09
744,日,PC端,外部页,微信,13,2,2025-01-20
745,日,PC端,外部页,百度搜索,13,1,2025-01-20
746,日,PC端,外部页,微信,13,2,2025-01-22
747,日,PC端,外部页,百度搜索,13,1,2025-01-22
748,日,PC端,外部页,微信,13,2,2025-01-25
749,日,PC端,外部页,百度搜索,13,1,2025-01-25
750,日,PC端,外部页,微信,12,2,2025-01-10
751,日,PC端,外部页,百度搜索,12,1,2025-01-10
752,日,PC端,外部页,微信,12,2,2025-01-14
753,日,PC端,外部页,百度搜索,12,1,2025-01-14
754,日,PC端,外部页,微信,11,2,2025-01-07
755,日,PC端,外部页,百度搜索,11,1,2025-01-07
756,日,PC端,外部页,微信,11,2,2025-01-08
757,日,PC端,外部页,百度搜索,11,1,2025-01-08
758,日,PC端,外部页,微信,10,2,2025-01-04
759,日,PC端,外部页,百度搜索,10,1,2025-01-04
760,日,PC端,外部页,微信,10,2,2025-01-21
761,日,PC端,外部页,百度搜索,10,1,2025-01-21
762,日,PC端,外部页,微信,9,2,2025-01-24
763,日,PC端,外部页,百度搜索,9,1,2025-01-24
764,日,PC端,外部页,微信,8,2,2025-01-13
765,日,PC端,外部页,百度搜索,8,1,2025-01-13
766,日,PC端,外部页,微信,7,2,2025-01-03
767,日,PC端,外部页,百度搜索,7,1,2025-01-03
768,日,PC端,外部页,微信,2,2,2025-01-30
769,日,PC端,外部页,百度搜索,2,1,2025-01-30
770,日,PC端,功能页,下单页,22,2,2025-01-18
771,日,PC端,功能页,购物车,22,1,2025-01-18
772,日,PC端,功能页,下单页,21,2,2025-01-04
773,日,PC端,功能页,购物车,21,1,2025-01-04
774,日,PC端,功能页,下单页,21,2,2025-01-22
775,日,PC端,功能页,购物车,21,1,2025-01-22
776,日,PC端,功能页,下单页,20,2,2025-01-19
777,日,PC端,功能页,购物车,20,1,2025-01-19
778,日,PC端,功能页,下单页,18,2,2025-01-03
779,日,PC端,功能页,购物车,18,1,2025-01-03
780,日,PC端,功能页,下单页,18,2,2025-01-23
781,日,PC端,功能页,购物车,18,1,2025-01-23
782,日,PC端,功能页,下单页,18,2,2025-01-27
783,日,PC端,功能页,购物车,18,1,2025-01-27
784,日,PC端,功能页,下单页,17,2,2025-01-24
785,日,PC端,功能页,购物车,17,1,2025-01-24
786,日,PC端,功能页,下单页,16,2,2025-01-20
787,日,PC端,功能页,购物车,16,1,2025-01-20
788,日,PC端,功能页,下单页,15,2,2025-01-08
789,日,PC端,功能页,购物车,15,1,2025-01-08
790,日,PC端,功能页,下单页,14,2,2025-01-16
791,日,PC端,功能页,购物车,14,1,2025-01-16
792,日,PC端,功能页,下单页,13,2,2025-01-07
793,日,PC端,功能页,购物车,13,1,2025-01-07
794,日,PC端,功能页,下单页,13,2,2025-01-13
795,日,PC端,功能页,购物车,13,1,2025-01-13
796,日,PC端,功能页,下单页,13,2,2025-01-14
797,日,PC端,功能页,购物车,13,1,2025-01-14
798,日,PC端,功能页,下单页,13,2,2025-01-17
799,日,PC端,功能页,购物车,13,1,2025-01-17
800,日,PC端,功能页,下单页,12,2,2025-01-06
801,日,PC端,功能页,购物车,12,1,2025-01-06
802,日,PC端,功能页,下单页,12,2,2025-01-09
803,日,PC端,功能页,购物车,12,1,2025-01-09
804,日,PC端,功能页,下单页,12,2,2025-01-11
805,日,PC端,功能页,购物车,12,1,2025-01-11
806,日,PC端,功能页,下单页,12,2,2025-01-15
807,日,PC端,功能页,购物车,12,1,2025-01-15
808,日,PC端,功能页,下单页,11,2,2025-01-05
809,日,PC端,功能页,购物车,11,1,2025-01-05
810,日,PC端,功能页,下单页,11,2,2025-01-21
811,日,PC端,功能页,购物车,11,1,2025-01-21
812,日,PC端,功能页,下单页,11,2,2025-01-25
813,日,PC端,功能页,购物车,11,1,2025-01-25
814,日,PC端,功能页,下单页,10,2,2025-01-10
815,日,PC端,功能页,购物车,10,1,2025-01-10
816,日,PC端,功能页,下单页,10,2,2025-01-26
817,日,PC端,功能页,购物车,10,1,2025-01-26
818,日,PC端,功能页,下单页,9,2,2025-01-01
819,日,PC端,功能页,购物车,9,1,2025-01-01
820,日,PC端,功能页,下单页,8,2,2025-01-12
821,日,PC端,功能页,购物车,8,1,2025-01-12
822,日,PC端,功能页,下单页,7,2,2025-01-02
823,日,PC端,功能页,购物车,7,1,2025-01-02
824,日,PC端,功能页,下单页,4,2,2025-01-30
825,日,PC端,功能页,购物车,4,1,2025-01-30
826,日,PC端,功能页,下单页,1,2,2025-01-28
827,日,PC端,功能页,购物车,1,1,2025-01-28
